ai_used_flag,audit_effectiveness_score
0,7.403636363636363
1,7.595555555555555
