year,audit_effectiveness_score
2020,7.585714285714286
2021,6.921052631578948
2022,7.533333333333333
2023,7.676923076923076
2024,7.7125
2025,7.625
